<?xml version="1.0"?>
<!DOCTYPE hibernate-mapping PUBLIC
	"-//Hibernate/Hibernate Mapping DTD 3.0//EN"
	"http://hibernate.sourceforge.net/hibernate-mapping-3.0.dtd">

<!-- ************************* -->
<!-- Author: Sudhakar Ramasamy -->
<!-- ************************* -->

<hibernate-mapping auto-import="false" schema="ICD9_APP">
	<class name="org.ifmc.codesupdate.dao.dt.TableRevision"
		table="CODE_SET_TABLE_REVISION" lazy="false">
		<id name="id" column="CD_SET_TBL_RVSN_ID">
			<generator class="uuid" />
		</id>
		<many-to-one name="table" column="CD_SET_TBL_ID" not-null="true"
			cascade="save-update" />
		<many-to-one name="revision" column="CD_SET_RVSN_ID"
			not-null="true" cascade="save-update" />

		<set name="codeRevisions"
			table="CODE_SET_CODE_REVISION_TABLE_R" lazy="false">
			<key column="CD_SET_TBL_RVSN_ID" />
			<many-to-many column="CD_SET_CD_RVSN_ID"
				class="org.ifmc.codesupdate.dao.dt.CodeRevision" />
		</set>

		<property name="createdBy" column="CREAT_USER_ID"
			type="java.lang.String" not-null="true" />
		<property name="createdOn" column="CREAT_DT"
			type="java.util.Date" not-null="true" />
		<property name="updatedBy" column="UPDT_USER_ID"
			type="java.lang.String" not-null="true" />
		<property name="updatedOn" column="UPDT_DT"
			type="java.util.Date" not-null="true" />
	</class>
</hibernate-mapping>