<?xml version="1.0"?>
<!DOCTYPE hibernate-mapping PUBLIC
	"-//Hibernate/Hibernate Mapping DTD 3.0//EN"
	"http://hibernate.sourceforge.net/hibernate-mapping-3.0.dtd">

<!-- ************************* -->
<!-- Author: Sudhakar Ramasamy -->
<!-- ************************* -->

<hibernate-mapping auto-import="false" schema="ICD9_APP">
	<class name="org.ifmc.codesupdate.dao.dt.Table"
		table="CODE_SET_TABLE" lazy="false">
		<id name="id" column="CD_SET_TBL_ID">
			<generator class="uuid" />
		</id>
		<property name="key" column="CD_SET_TBL_KEY"
			type="java.lang.String" not-null="true" />
		<many-to-one name="tableType" column="CD_SET_TYPE_ID"
			not-null="true" />

		<property name="createdBy" column="CREAT_USER_ID"
			type="java.lang.String" not-null="true" />
		<property name="createdOn" column="CREAT_DT"
			type="java.util.Date" not-null="true" />
		<property name="updatedBy" column="UPDT_USER_ID"
			type="java.lang.String" not-null="true" />
		<property name="updatedOn" column="UPDT_DT"
			type="java.util.Date" not-null="true" />
	</class>
</hibernate-mapping>