<?xml version="1.0" encoding="UTF-8"?>
<feature
      id="org.ifmc.codesupdate"
      label="ICD-9-CM Codes Update Feature"
      version="1.0.0"
      provider-name="Iowa Foundation For Medical Care"
      plugin="org.ifmc.codesupdate">

   <description>
      %feature.description
   </description>

   <copyright>
      %feature.copyright
   </copyright>

   <license url="license.html">
      feature.license
   </license>

   <requires>
      <import feature="org.ifmc.qms" version="2.0.0" match="compatible"/>
   </requires>

   <plugin
         id="org.ifmc.codesupdate"
         download-size="0"
         install-size="0"
         version="0.0.0"
         unpack="false"/>

   <plugin
         id="org.ifmc.codesupdate.core"
         download-size="0"
         install-size="0"
         version="0.0.0"
         unpack="false"/>

   <plugin
         id="org.ifmc.codesupdate.dao"
         download-size="0"
         install-size="0"
         version="0.0.0"
         unpack="false"/>

   <plugin
         id="org.ifmc.codesupdate.database.oracle.client"
         download-size="0"
         install-size="0"
         version="0.0.0"
         unpack="false"/>

   <plugin
         id="org.ifmc.codesupdate.svn.client"
         download-size="0"
         install-size="0"
         version="0.0.0"
         unpack="false"/>

   <plugin
         id="org.ifmc.codesupdate.ui"
         download-size="0"
         install-size="0"
         version="0.0.0"
         unpack="false"/>

   <plugin
         id="org.apache.commons.email"
         download-size="0"
         install-size="0"
         version="0.0.0"/>

   <plugin
         id="org.tmatesoft.svnkit"
         download-size="0"
         install-size="0"
         version="0.0.0"/>

   <plugin
         id="org.ifmc.codesupdate.revisioner"
         download-size="0"
         install-size="0"
         version="0.0.0"
         unpack="false"/>

   <plugin
         id="org.ifmc.codesupdate.central"
         download-size="0"
         install-size="0"
         version="0.0.0"
         unpack="false"/>

</feature>
