<?xml version="1.0" encoding="UTF-8"?>
<!--Sample XML file generated by XMLSpy v2005 rel. 3 U (http://www.altova.com)-->
<configuration xmlns:xsi="http://www.w3.org/2001/XMLSchema-instance"
	xsi:noNamespaceSchemaLocation="schema/configuration.xsd">
		
	<!-- DATABASE METADATA -->
	<!-- =================================================================== -->
	<metadata>
		<table>
			<![CDATA[
				SELECT COUNT(*)
				  FROM information_schema.tables
				WHERE table_name = UPPER('$TABLE_NAME$')
			]]>
		</table>
		<index>
			<![CDATA[ 
				SELECT COUNT(*)
				  FROM system_indexinfo
				 WHERE index_name = UPPER('$INDEX_NAME$')
			]]>
		</index>
		<foreign-key>
			<![CDATA[
				SELECT COUNT(*)
				  FROM system_crossreference
				 WHERE fk_name = UPPER('$FOREIGN_KEY_NAME$')
			]]>
		</foreign-key>
	</metadata>
	
	<structure>
		<!-- TABLES -->
		<!-- =============================================================== -->

		<script type="SCHEMA" id="ICD9_APP" name="ICD9_APP">
			<![CDATA[
				CREATE SCHEMA ICD9_APP AUTHORIZATION DBA
			]]>
		</script>
	</structure>

</configuration>